,$\rho r_{hs}$,$\delta \rho r_{hs}$,$\rho r_{bar}$
0,1.06,0.15500000000000003,0.026
1,1.37,0.15500000000000003,0.051
