,$\rho r_{hs}$,$\delta \rho r_{hs}$,$\rho r_{bar}$
0,0.72,0.05499999999999999,0.01
1,1.05,0.05499999999999999,0.035
2,0.61,0.05499999999999999,0.085
3,0.61,0.05499999999999999,0.11
4,1.05,0.05499999999999999,0.11
