,$\rho r_{hs}$,$\delta \rho r_{hs}$,$\rho r_{bar}$
0,1.05,0.05499999999999999,0.01
1,1.38,0.05499999999999999,0.01
2,1.05,0.05499999999999999,0.035
3,1.16,0.05499999999999999,0.06
4,1.16,0.05499999999999999,0.085
5,1.27,0.05499999999999999,0.11
