,$\rho r_{hs}$,$\delta \rho r_{hs}$,$\rho r_{bar}$
0,0.61,0.05499999999999999,0.01
1,0.83,0.05499999999999999,0.135
2,1.38,0.05499999999999999,0.26
