,$\rho r_{hs}$,$\delta \rho r_{hs}$,$\rho r_{bar}$
0,1.05,0.05499999999999999,0.01
1,1.38,0.05499999999999999,0.135
2,0.72,0.05499999999999999,0.26
3,1.27,0.05499999999999999,0.26
