,$\rho r_{hs}$,$\delta \rho r_{hs}$,$\rho r_{bar}$
0,1.12,0.31000000000000005,0.01
1,1.12,0.31000000000000005,0.04
2,1.75,0.31000000000000005,0.07
